{"cameraMode":{"drawMode":0,"name":"Shaded","section":"Shading Mode"},"sceneLighting":true,"audioPlay":false,"sceneViewState":{"m_AlwaysRefresh":true,"showFog":true,"showSkybox":true,"showFlares":true,"showImageEffects":true,"showParticleSystems":true,"showVisualEffectGraphs":true,"m_FxEnabled":true},"in2DMode":false,"pivot":{"x":-0.1578744649887085,"y":-0.10936498641967774,"z":-0.29768234491348269},"rotation":{"x":-0.3096309006214142,"y":-0.033343251794576648,"z":0.010860114358365536,"w":-0.9502243399620056},"size":25.358165740966798,"orthographic":false}